{
  "C01507_c": 0.2891017294,
  "3mob_c": 0.0003102681999999999,
  "creat_m": 0.1516516432,
  "glcur_c": -0.006925870600000002,
  "rib_D_c": -0.019101809899999996,
  "C10164_c": 0.05849386109999999,
  "aact_m": -0.3126002645,
  "12ppd_R_c": 0.12813637120000004,
  "ru5p_D_c": -0.0235443434,
  "cyst_L_m": 0.1397895832,
  "val_L_e": 0.2106566125999999,
  "Lcystin_c": 0.0036846554000000004,
  "lnlccrn_m": 0.1230057607,
  "5htrp_e": 0.018348998199999998,
  "acgam_l": 5.67663999999999e-05,
  "g6p_r": -0.0747764038,
  "glu_L_r": -0.963354416,
  "c4crn_m": 0.036602722100000006,
  "fuc_L_e": -0.0025284804999999994,
  "dhdascb_c": 0.003474116499999999,
  "2mcacn_c": -0.0029630368,
  "6pgc_c": 0.005333745100000002,
  "met_L_m": -0.015931042299999948,
  "chsterol_n": -0.03289544780000009,
  "leu_L_m": 0.8559872826000001,
  "srb_L_c": -0.0065918221,
  "xylt_e": 0.0004134116,
  "CE6205_c": 0.010321583399999999,
  "thrnt_c": -0.028861091499999998,
  "1p2cbxl_x": 0.040915894100000016,
  "lys_L_m": 0.2969370738,
  "c6crn_x": -0.002092568399999998,
  "hyptaur_c": 0.0154715997,
  "pcollg5hlys_c": 0.014455319000000022,
  "gly_m": 1.6752184828999996,
  "c10crn_e": 0.01947037709999999,
  "ser_L_x": 0.26191834689999993,
  "ura_c": 0.009030330100000001,
  "ivcrn_c": 0.0008321004000000007,
  "acrn_x": -0.008905404799999999,
  "hxan_e": -0.0074146055,
  "lneldc_e": -0.03312935559999999,
  "ttdcrn_c": -0.0022119943999999968,
  "C02356_c": -0.17015987520000003,
  "fru_e": 0.004707897699999998,
  "ala_D_c": 0.3764296463000001,
  "c8crn_x": -0.010707755,
  "gln_L_e": 0.04403439720000002,
  "ttdca_e": -0.10129886020000001,
  "arg_L_e": -0.012868789500000005,
  "asp_D_e": -0.0837837444,
  "akg_c": -0.09864502920000001,
  "glyald_m": -0.0093964993,
  "g3p_c": -0.02705548699999999,
  "succ_r": 0.019097416399999994,
  "bilirub_r": -0.1374039108,
  "gudac_c": 0.0024212273000000003,
  "4mop_c": 0.0033733653000000002,
  "ipdp_c": -0.00016064150000000017,
  "cit_c": 0.29316967430000007,
  "CE2537_c": -0.06928268170000002,
  "glx_m": -0.005367812600000001,
  "sphs1p_e": 0.0085491142,
  "orn_m": 1.0635105113,
  "3aib_c": -0.011467391799999997,
  "pchol_hs_c": -0.0943862031,
  "anth_e": -0.0067785365,
  "inost_r": 0.05644425110000001,
  "HC02024_r": -0.0036173209,
  "hdd2crn_c": 0.0013048987000000012,
  "ocdca_c": -0.4320132386,
  "C06199_l": 0.1000255538,
  "glc_D_c": 18.518879556799998,
  "25hvitd3_c": 0.0008977446,
  "4h2oglt_c": -0.005242981699999996,
  "acnam_l": 0.0219917444,
  "tyr_L_l": 0.005089278299999972,
  "5oxpro_e": -1.6456567413000003,
  "gcald_c": -0.25514354899999986,
  "urea_m": -5.760974027099998,
  "fum_m": 0.0324933949,
  "arab_L_c": 0.0034965855999999997,
  "L2aadp6sa_m": 0.011748532499999999,
  "ttdcea_c": -0.006444917599999999,
  "thr_L_e": -0.33326680389999996,
  "4hpro_LT_r": -0.022056961600000008,
  "dhap_x": 0.0006846834000000003,
  "prgstrn_e": 0.0091844773,
  "ddeccrn_m": 0.005903341499999999,
  "thm_e": 0.005869531399999999,
  "pac_m": 0.09103091869999996,
  "pmtcrn_m": -0.00039653330000000066,
  "im4ac_c": 0.007399971999999994,
  "3hmp_m": -1.875045497,
  "hom_L_e": 0.0072471882,
  "3mop_m": 0.1064643082,
  "nac_c": 0.08726753700000002,
  "sarcs_m": 0.057192846500000005,
  "gal_c": -0.0273370938,
  "asn_L_c": 0.06169431929999998,
  "dmnoncrn_x": 0.005724611300000001,
  "oaa_x": -0.043703989500000005,
  "lac_D_c": 33.8482700463,
  "pram_c": -0.3659629394000001,
  "adrnl_e": -0.0015663679016659248,
  "trp_L_c": 0.10318358840000003,
  "andrstndn_c": 0.0026411149999999994,
  "pyr_m": 2.00394169,
  "hdcea_e": -0.11423518889999998,
  "urate_e": 0.14249362159999995,
  "pro_D_l": 1.7415000605,
  "crn_e": -0.05555401740000001,
  "bz_r": -0.023249799100000003,
  "gua_e": 0.00021256970000000167,
  "Lpipecol_x": 0.013219082600000001,
  "glyclt_x": -0.0196922344,
  "stcrn_m": 0.021561968999999986,
  "phe_L_l": -0.06546278250000004,
  "vacccrn_m": 0.11694674690000004,
  "sphings_r": -0.007204392099999998,
  "C01601_c": -0.013822916299999998,
  "2coum_c": 0.002798956200000001,
  "chol_m": 0.007689272899999988,
  "rbt_e": -0.0014933698999999995,
  "5hoxindoa_c": 0.0013668623000000005,
  "pser_L_c": 7.021909999999944e-05,
  "ocdcea_r": -0.012849808899999999,
  "oxa_c": -50.43489897570002,
  "ile_L_e": 0.010345487900000002,
  "cys_L_m": 0.0415632127,
  "dchac_r": -0.06803673130000001,
  "citr_L_m": 0.0008955005999999877,
  "carn_c": -0.0326659591,
  "glyc_c": -0.2753400714
}
